experiment_name,trial_name,trial_path,status,has_params,has_results,last_update,param_augment,param_batch_size,param_crop_size,param_dropout,param_hidden_size,param_image_size,param_lr,param_model_type,param_num_classes,param_num_layers,param_resize_size,param_transfer_custom_layers,metric_loss,metric_accuracy,metric_train_accuracy,metric_timestamp,metric_checkpoint_dir_name,metric_done,metric_training_iteration,metric_date,metric_time_this_iter_s,metric_time_total_s,metric_pid,metric_hostname,metric_node_ip,metric_config,metric_time_since_restore,metric_iterations_since_restore,total_iterations,first_timestamp,last_timestamp,progress_rows,progress_loss,progress_accuracy,progress_train_accuracy,progress_timestamp,progress_checkpoint_dir_name,progress_done,progress_training_iteration,progress_trial_id,progress_date,progress_time_this_iter_s,progress_time_total_s,progress_pid,progress_hostname,progress_node_ip,progress_time_since_restore,progress_iterations_since_restore,param_epochs,param_print_every,param_patience,param_scheduler_gamma,param_scheduler_step,metric_learning_rate,metric_epoch,progress_learning_rate,progress_epoch
cnn_flower_search,"train_model_64826_00001_1_batch_size=16,dropout=0.1344,hidden_size=64,lr=0.0000,model_type=cnn,num_layers=2,transfer_custom_layers_2025-05-23_14-51-51","/home/azureuser/ray_results/cnn_flower_search/train_model_64826_00001_1_batch_size=16,dropout=0.1344,hidden_size=64,lr=0.0000,model_type=cnn,num_layers=2,transfer_custom_layers_2025-05-23_14-51-51",stopped,True,True,2025-05-23 14:52:18.684523,True,16.0,224.0,0.1343740674893063,64.0,224.0,2.7504739114408806e-05,cnn,102.0,2.0,256.0,1.0,999.0,0.0,0.0,1748011938.0,,False,1.0,2025-05-23_14-52-18,21.865050554275513,21.865050554275513,66578.0,ML-RefVm-423156,10.0.0.10,"{'model_type': 'cnn', 'hidden_size': 64, 'num_layers': 2, 'dropout': 0.1343740674893063, 'lr': 2.7504739114408806e-05, 'batch_size': 16, 'num_classes': 102, 'image_size': 224, 'transfer_custom_layers': 1, 'augment': True, 'resize_size': 256, 'crop_size': 224}",21.865050554275513,1.0,1.0,1748011938.0,1748011938.0,1.0,999.0,0.0,0.0,1748011938.0,,False,1.0,64826_00001,2025-05-23_14-52-18,21.865050554275516,21.865050554275516,66578.0,ML-RefVm-423156,10.0.0.10,21.865050554275516,1.0,,,,,,,,,
cnn_flower_search,"train_model_64826_00000_0_batch_size=16,dropout=0.3410,hidden_size=64,lr=0.0002,model_type=cnn,num_layers=3,transfer_custom_layers_2025-05-23_14-51-22","/home/azureuser/ray_results/cnn_flower_search/train_model_64826_00000_0_batch_size=16,dropout=0.3410,hidden_size=64,lr=0.0002,model_type=cnn,num_layers=3,transfer_custom_layers_2025-05-23_14-51-22",stopped,True,True,2025-05-23 14:51:52.527036,True,16.0,224.0,0.34102835071650284,64.0,224.0,0.00022697672948200284,cnn,102.0,3.0,256.0,1.0,999.0,0.0,0.0,1748011910.0,,False,1.0,2025-05-23_14-51-50,22.661370992660522,22.661370992660522,66403.0,ML-RefVm-423156,10.0.0.10,"{'model_type': 'cnn', 'hidden_size': 64, 'num_layers': 3, 'dropout': 0.34102835071650284, 'lr': 0.00022697672948200284, 'batch_size': 16, 'num_classes': 102, 'image_size': 224, 'transfer_custom_layers': 1, 'augment': True, 'resize_size': 256, 'crop_size': 224}",22.661370992660522,1.0,1.0,1748011910.0,1748011910.0,1.0,999.0,0.0,0.0,1748011910.0,,False,1.0,64826_00000,2025-05-23_14-51-50,22.66137099266052,22.66137099266052,66403.0,ML-RefVm-423156,10.0.0.10,22.66137099266052,1.0,,,,,,,,,
cnn_flower_search,"train_model_47136_00000_0_batch_size=16,dropout=0.3401,hidden_size=32,lr=0.0092,model_type=cnn,num_layers=1,transfer_custom_layers_2025-05-23_15-12-01","/home/azureuser/ray_results/cnn_flower_search/train_model_47136_00000_0_batch_size=16,dropout=0.3401,hidden_size=32,lr=0.0092,model_type=cnn,num_layers=1,transfer_custom_layers_2025-05-23_15-12-01",unknown,True,True,2025-05-23 15:12:11.544766,True,16.0,224.0,0.34010521771250424,32.0,224.0,0.009158604078699657,cnn,102.0,1.0,256.0,3.0,,,,,,,,,,,,,,,,,,,,,,,,,,,,,,,,,,,,,,,,,,,,,
hymenoptera_classification_transfer_learn_v2,"train_model_34e6c_00002_2_batch_size=8,dropout=0.4482,hidden_size=32,lr=0.0005,model_type=transer,num_layers=2,transfer_custom_lay_2025-05-26_08-48-43","/home/azureuser/ray_results/hymenoptera_classification_transfer_learn_v2/train_model_34e6c_00002_2_batch_size=8,dropout=0.4482,hidden_size=32,lr=0.0005,model_type=transer,num_layers=2,transfer_custom_lay_2025-05-26_08-48-43",stopped,True,True,2025-05-26 08:49:37.704882,True,8.0,224.0,0.4482230143425593,32.0,224.0,0.0005217289710635569,transer,2.0,2.0,256.0,1.0,0.6077852286398411,60.78431372549019,55.73770491803279,1748249368.0,,False,1.0,2025-05-26_08-49-28,38.63861799240112,38.63861799240112,8899.0,ML-RefVm-423156,10.0.0.10,"{'model_type': 'transer', 'hidden_size': 32, 'num_layers': 2, 'dropout': 0.4482230143425593, 'lr': 0.0005217289710635569, 'batch_size': 8, 'num_classes': 2, 'image_size': 224, 'transfer_custom_layers': 1, 'augment': True, 'resize_size': 256, 'crop_size': 224, 'epochs': 5, 'print_every': 10}",38.63861799240112,1.0,1.0,1748249368.0,1748249368.0,1.0,0.6077852286398411,60.78431372549019,55.73770491803279,1748249368.0,,False,1.0,34e6c_00002,2025-05-26_08-49-28,38.63861799240112,38.63861799240112,8899.0,ML-RefVm-423156,10.0.0.10,38.63861799240112,1.0,5.0,10.0,,,,,,,
hymenoptera_classification_transfer_learn_v2,"train_model_34e6c_00000_0_batch_size=8,dropout=0.2815,hidden_size=32,lr=0.0008,model_type=transer,num_layers=3,transfer_custom_lay_2025-05-26_08-41-24","/home/azureuser/ray_results/hymenoptera_classification_transfer_learn_v2/train_model_34e6c_00000_0_batch_size=8,dropout=0.2815,hidden_size=32,lr=0.0008,model_type=transer,num_layers=3,transfer_custom_lay_2025-05-26_08-41-24",stopped,True,True,2025-05-26 08:42:15.130693,True,8.0,224.0,0.281544464121694,32.0,224.0,0.0007783111042590567,transer,2.0,3.0,256.0,2.0,0.585160493850708,64.05228758169935,65.1639344262295,1748249091.0,,False,5.0,2025-05-26_08-44-51,40.082894802093506,200.72523665428162,8382.0,ML-RefVm-423156,10.0.0.10,"{'model_type': 'transer', 'hidden_size': 32, 'num_layers': 3, 'dropout': 0.281544464121694, 'lr': 0.0007783111042590567, 'batch_size': 8, 'num_classes': 2, 'image_size': 224, 'transfer_custom_layers': 2, 'augment': True, 'resize_size': 256, 'crop_size': 224, 'epochs': 5, 'print_every': 10}",200.72523665428162,5.0,5.0,1748248930.0,1748249091.0,5.0,0.585160493850708,64.05228758169935,65.1639344262295,1748249091.0,,False,5.0,34e6c_00000,2025-05-26_08-44-51,40.08289480209351,200.7252366542816,8382.0,ML-RefVm-423156,10.0.0.10,200.7252366542816,5.0,5.0,10.0,,,,,,,
hymenoptera_classification_transfer_learn_v2,"train_model_34e6c_00001_1_batch_size=4,dropout=0.3897,hidden_size=32,lr=0.0006,model_type=transer,num_layers=3,transfer_custom_lay_2025-05-26_08-44-51","/home/azureuser/ray_results/hymenoptera_classification_transfer_learn_v2/train_model_34e6c_00001_1_batch_size=4,dropout=0.3897,hidden_size=32,lr=0.0006,model_type=transer,num_layers=3,transfer_custom_lay_2025-05-26_08-44-51",stopped,True,True,2025-05-26 08:45:46.409691,True,4.0,224.0,0.38966165323879043,32.0,224.0,0.0005608023835303751,transer,2.0,3.0,256.0,2.0,0.601481169844285,67.97385620915033,68.85245901639344,1748249323.0,,False,5.0,2025-05-26_08-48-43,44.84658980369568,225.65636324882507,8750.0,ML-RefVm-423156,10.0.0.10,"{'model_type': 'transer', 'hidden_size': 32, 'num_layers': 3, 'dropout': 0.38966165323879043, 'lr': 0.0005608023835303751, 'batch_size': 4, 'num_classes': 2, 'image_size': 224, 'transfer_custom_layers': 2, 'augment': True, 'resize_size': 256, 'crop_size': 224, 'epochs': 5, 'print_every': 10}",225.65636324882507,5.0,5.0,1748249142.0,1748249323.0,5.0,0.601481169844285,67.97385620915033,68.85245901639344,1748249323.0,,False,5.0,34e6c_00001,2025-05-26_08-48-43,44.84658980369568,225.65636324882507,8750.0,ML-RefVm-423156,10.0.0.10,225.65636324882507,5.0,5.0,10.0,,,,,,,
hymenoptera_classification_transfer_learn_v2_goodname,"train_model_6db4c_00003_3_batch_size=8,dropout=0.2828,hidden_size=32,lr=0.0002,model_type=transfer,num_layers=3,transfer_custom_la_2025-05-26_08-59-45","/home/azureuser/ray_results/hymenoptera_classification_transfer_learn_v2_goodname/train_model_6db4c_00003_3_batch_size=8,dropout=0.2828,hidden_size=32,lr=0.0002,model_type=transfer,num_layers=3,transfer_custom_la_2025-05-26_08-59-45",stopped,True,True,2025-05-26 09:00:33.378340,True,8.0,224.0,0.282804487580727,32.0,224.0,0.0002271876591531195,transfer,2.0,3.0,256.0,1.0,0.19631289187818765,96.07843137254902,88.52459016393442,1748250178.0,,False,5.0,2025-05-26_09-02-58,37.58785009384155,186.70887851715088,10359.0,ML-RefVm-423156,10.0.0.10,"{'model_type': 'transfer', 'hidden_size': 32, 'num_layers': 3, 'dropout': 0.282804487580727, 'lr': 0.0002271876591531195, 'batch_size': 8, 'num_classes': 2, 'image_size': 224, 'transfer_custom_layers': 1, 'augment': True, 'resize_size': 256, 'crop_size': 224, 'epochs': 5, 'print_every': 10}",186.70887851715088,5.0,5.0,1748250027.0,1748250178.0,5.0,0.1963128918781876,96.07843137254902,88.52459016393442,1748250178.0,,False,5.0,6db4c_00003,2025-05-26_09-02-58,37.58785009384155,186.70887851715088,10359.0,ML-RefVm-423156,10.0.0.10,186.70887851715088,5.0,5.0,10.0,,,,,,,
hymenoptera_classification_transfer_learn_v2_goodname,"train_model_6db4c_00006_6_batch_size=4,dropout=0.4409,hidden_size=256,lr=0.0005,model_type=transfer,num_layers=1,transfer_custom_l_2025-05-26_09-09-34","/home/azureuser/ray_results/hymenoptera_classification_transfer_learn_v2_goodname/train_model_6db4c_00006_6_batch_size=4,dropout=0.4409,hidden_size=256,lr=0.0005,model_type=transfer,num_layers=1,transfer_custom_l_2025-05-26_09-09-34",stopped,True,True,2025-05-26 09:10:27.236191,True,4.0,224.0,0.44085170010440267,256.0,224.0,0.0004716500496176686,transfer,2.0,1.0,256.0,1.0,0.23290845761314416,94.11764705882354,79.09836065573771,1748250769.0,,False,5.0,2025-05-26_09-12-49,38.37927985191345,189.60022807121277,10955.0,ML-RefVm-423156,10.0.0.10,"{'model_type': 'transfer', 'hidden_size': 256, 'num_layers': 1, 'dropout': 0.44085170010440267, 'lr': 0.0004716500496176686, 'batch_size': 4, 'num_classes': 2, 'image_size': 224, 'transfer_custom_layers': 1, 'augment': True, 'resize_size': 256, 'crop_size': 224, 'epochs': 5, 'print_every': 10}",189.60022807121277,5.0,5.0,1748250617.0,1748250769.0,5.0,0.2329084576131441,94.11764705882354,79.09836065573771,1748250769.0,,False,5.0,6db4c_00006,2025-05-26_09-12-49,38.37927985191345,189.6002280712128,10955.0,ML-RefVm-423156,10.0.0.10,189.6002280712128,5.0,5.0,10.0,,,,,,,
hymenoptera_classification_transfer_learn_v2_goodname,"train_model_6db4c_00007_7_batch_size=16,dropout=0.2894,hidden_size=32,lr=0.0008,model_type=transfer,num_layers=3,transfer_custom_l_2025-05-26_09-12-49","/home/azureuser/ray_results/hymenoptera_classification_transfer_learn_v2_goodname/train_model_6db4c_00007_7_batch_size=16,dropout=0.2894,hidden_size=32,lr=0.0008,model_type=transfer,num_layers=3,transfer_custom_l_2025-05-26_09-12-49",stopped,True,True,2025-05-26 09:13:38.519592,True,16.0,224.0,0.2893744079087636,32.0,224.0,0.0008428523058640806,transfer,2.0,3.0,256.0,1.0,0.40557735674083234,83.66013071895425,85.65573770491804,1748250963.0,,False,5.0,2025-05-26_09-16-03,37.53378510475159,188.3138608932495,11109.0,ML-RefVm-423156,10.0.0.10,"{'model_type': 'transfer', 'hidden_size': 32, 'num_layers': 3, 'dropout': 0.2893744079087636, 'lr': 0.0008428523058640806, 'batch_size': 16, 'num_classes': 2, 'image_size': 224, 'transfer_custom_layers': 1, 'augment': True, 'resize_size': 256, 'crop_size': 224, 'epochs': 5, 'print_every': 10}",188.3138608932495,5.0,5.0,1748250813.0,1748250963.0,5.0,0.4055773567408323,83.66013071895425,85.65573770491804,1748250963.0,,False,5.0,6db4c_00007,2025-05-26_09-16-03,37.53378510475159,188.3138608932495,11109.0,ML-RefVm-423156,10.0.0.10,188.3138608932495,5.0,5.0,10.0,,,,,,,
hymenoptera_classification_transfer_learn_v2_goodname,"train_model_6db4c_00015_15_batch_size=4,dropout=0.4090,hidden_size=32,lr=0.0004,model_type=transfer,num_layers=1,transfer_custom_l_2025-05-26_09-38-27","/home/azureuser/ray_results/hymenoptera_classification_transfer_learn_v2_goodname/train_model_6db4c_00015_15_batch_size=4,dropout=0.4090,hidden_size=32,lr=0.0004,model_type=transfer,num_layers=1,transfer_custom_l_2025-05-26_09-38-27",stopped,True,True,2025-05-26 09:39:18.665005,True,4.0,224.0,0.4089871217312946,32.0,224.0,0.0004482017703114035,transfer,2.0,1.0,256.0,1.0,0.23747240135876033,90.19607843137256,80.73770491803279,1748252503.0,,False,5.0,2025-05-26_09-41-43,38.129080295562744,190.422292470932,13645.0,ML-RefVm-423156,10.0.0.10,"{'model_type': 'transfer', 'hidden_size': 32, 'num_layers': 1, 'dropout': 0.4089871217312946, 'lr': 0.0004482017703114035, 'batch_size': 4, 'num_classes': 2, 'image_size': 224, 'transfer_custom_layers': 1, 'augment': True, 'resize_size': 256, 'crop_size': 224, 'epochs': 5, 'print_every': 10}",190.422292470932,5.0,5.0,1748252351.0,1748252503.0,5.0,0.2374724013587603,90.19607843137256,80.73770491803279,1748252503.0,,False,5.0,6db4c_00015,2025-05-26_09-41-43,38.12908029556274,190.422292470932,13645.0,ML-RefVm-423156,10.0.0.10,190.422292470932,5.0,5.0,10.0,,,,,,,
hymenoptera_classification_transfer_learn_v2_goodname,"train_model_6db4c_00000_0_batch_size=8,dropout=0.2819,hidden_size=256,lr=0.0004,model_type=transfer,num_layers=1,transfer_custom_l_2025-05-26_08-50-09","/home/azureuser/ray_results/hymenoptera_classification_transfer_learn_v2_goodname/train_model_6db4c_00000_0_batch_size=8,dropout=0.2819,hidden_size=256,lr=0.0004,model_type=transfer,num_layers=1,transfer_custom_l_2025-05-26_08-50-09",stopped,True,True,2025-05-26 08:50:59.852617,True,8.0,224.0,0.28194444816941844,256.0,224.0,0.00044996214983297045,transfer,2.0,1.0,256.0,2.0,0.18950865981169046,94.77124183006536,84.42622950819673,1748249597.0,,False,5.0,2025-05-26_08-53-17,36.04415726661682,180.83481645584106,9562.0,ML-RefVm-423156,10.0.0.10,"{'model_type': 'transfer', 'hidden_size': 256, 'num_layers': 1, 'dropout': 0.28194444816941844, 'lr': 0.00044996214983297045, 'batch_size': 8, 'num_classes': 2, 'image_size': 224, 'transfer_custom_layers': 2, 'augment': True, 'resize_size': 256, 'crop_size': 224, 'epochs': 5, 'print_every': 10}",180.83481645584106,5.0,5.0,1748249453.0,1748249597.0,5.0,0.1895086598116904,94.77124183006536,84.42622950819673,1748249597.0,,False,5.0,6db4c_00000,2025-05-26_08-53-17,36.04415726661682,180.83481645584104,9562.0,ML-RefVm-423156,10.0.0.10,180.83481645584104,5.0,5.0,10.0,,,,,,,
hymenoptera_classification_transfer_learn_v2_goodname,"train_model_6db4c_00012_12_batch_size=4,dropout=0.2290,hidden_size=64,lr=0.0003,model_type=transfer,num_layers=2,transfer_custom_l_2025-05-26_09-28-46","/home/azureuser/ray_results/hymenoptera_classification_transfer_learn_v2_goodname/train_model_6db4c_00012_12_batch_size=4,dropout=0.2290,hidden_size=64,lr=0.0003,model_type=transfer,num_layers=2,transfer_custom_l_2025-05-26_09-28-46",stopped,True,True,2025-05-26 09:29:34.667759,True,4.0,224.0,0.22904388207905252,64.0,224.0,0.000262879593685876,transfer,2.0,2.0,256.0,2.0,0.19465730893306243,95.42483660130719,79.91803278688525,1748251922.0,,False,5.0,2025-05-26_09-32-02,37.07737898826599,189.68089771270752,11972.0,ML-RefVm-423156,10.0.0.10,"{'model_type': 'transfer', 'hidden_size': 64, 'num_layers': 2, 'dropout': 0.22904388207905252, 'lr': 0.000262879593685876, 'batch_size': 4, 'num_classes': 2, 'image_size': 224, 'transfer_custom_layers': 2, 'augment': True, 'resize_size': 256, 'crop_size': 224, 'epochs': 5, 'print_every': 10}",189.68089771270752,5.0,5.0,1748251770.0,1748251922.0,5.0,0.1946573089330624,95.4248366013072,79.91803278688525,1748251922.0,,False,5.0,6db4c_00012,2025-05-26_09-32-02,37.07737898826599,189.68089771270752,11972.0,ML-RefVm-423156,10.0.0.10,189.68089771270752,5.0,5.0,10.0,,,,,,,
hymenoptera_classification_transfer_learn_v2_goodname,"train_model_6db4c_00001_1_batch_size=4,dropout=0.2347,hidden_size=32,lr=0.0001,model_type=transfer,num_layers=3,transfer_custom_la_2025-05-26_08-53-17","/home/azureuser/ray_results/hymenoptera_classification_transfer_learn_v2_goodname/train_model_6db4c_00001_1_batch_size=4,dropout=0.2347,hidden_size=32,lr=0.0001,model_type=transfer,num_layers=3,transfer_custom_la_2025-05-26_08-53-17",stopped,True,True,2025-05-26 08:54:11.072031,True,4.0,224.0,0.23472558227748422,32.0,224.0,0.00010411356085364865,transfer,2.0,3.0,256.0,1.0,0.28003955899904936,95.42483660130719,79.50819672131148,1748249795.0,,False,5.0,2025-05-26_08-56-35,38.37895178794861,192.21206212043762,9920.0,ML-RefVm-423156,10.0.0.10,"{'model_type': 'transfer', 'hidden_size': 32, 'num_layers': 3, 'dropout': 0.23472558227748422, 'lr': 0.00010411356085364865, 'batch_size': 4, 'num_classes': 2, 'image_size': 224, 'transfer_custom_layers': 1, 'augment': True, 'resize_size': 256, 'crop_size': 224, 'epochs': 5, 'print_every': 10}",192.21206212043762,5.0,5.0,1748249641.0,1748249795.0,5.0,0.2800395589990493,95.4248366013072,79.50819672131148,1748249795.0,,False,5.0,6db4c_00001,2025-05-26_08-56-35,38.37895178794861,192.2120621204376,9920.0,ML-RefVm-423156,10.0.0.10,192.2120621204376,5.0,5.0,10.0,,,,,,,
hymenoptera_classification_transfer_learn_v2_goodname,"train_model_6db4c_00005_5_batch_size=4,dropout=0.3726,hidden_size=256,lr=0.0002,model_type=transfer,num_layers=1,transfer_custom_l_2025-05-26_09-06-17","/home/azureuser/ray_results/hymenoptera_classification_transfer_learn_v2_goodname/train_model_6db4c_00005_5_batch_size=4,dropout=0.3726,hidden_size=256,lr=0.0002,model_type=transfer,num_layers=1,transfer_custom_l_2025-05-26_09-06-17",stopped,True,True,2025-05-26 09:07:05.912845,True,4.0,224.0,0.3726217700113649,256.0,224.0,0.00019478017202025064,transfer,2.0,1.0,256.0,1.0,0.23952621832872048,94.11764705882354,81.55737704918033,1748250573.0,,False,5.0,2025-05-26_09-09-33,38.12372946739197,190.38319396972656,10640.0,ML-RefVm-423156,10.0.0.10,"{'model_type': 'transfer', 'hidden_size': 256, 'num_layers': 1, 'dropout': 0.3726217700113649, 'lr': 0.00019478017202025064, 'batch_size': 4, 'num_classes': 2, 'image_size': 224, 'transfer_custom_layers': 1, 'augment': True, 'resize_size': 256, 'crop_size': 224, 'epochs': 5, 'print_every': 10}",190.38319396972656,5.0,5.0,1748250421.0,1748250573.0,5.0,0.2395262183287204,94.11764705882354,81.55737704918033,1748250573.0,,False,5.0,6db4c_00005,2025-05-26_09-09-33,38.12372946739197,190.38319396972656,10640.0,ML-RefVm-423156,10.0.0.10,190.38319396972656,5.0,5.0,10.0,,,,,,,
hymenoptera_classification_transfer_learn_v2_goodname,"train_model_6db4c_00017_17_batch_size=8,dropout=0.3308,hidden_size=32,lr=0.0002,model_type=transfer,num_layers=1,transfer_custom_l_2025-05-26_09-44-55","/home/azureuser/ray_results/hymenoptera_classification_transfer_learn_v2_goodname/train_model_6db4c_00017_17_batch_size=8,dropout=0.3308,hidden_size=32,lr=0.0002,model_type=transfer,num_layers=1,transfer_custom_l_2025-05-26_09-44-55",stopped,True,True,2025-05-26 09:45:41.271662,True,8.0,224.0,0.3308494361176172,32.0,224.0,0.00017554788066738122,transfer,2.0,1.0,256.0,2.0,0.3075483631342649,87.58169934640523,80.32786885245902,1748252882.0,,False,5.0,2025-05-26_09-48-02,36.254425048828125,180.56352257728577,13927.0,ML-RefVm-423156,10.0.0.10,"{'model_type': 'transfer', 'hidden_size': 32, 'num_layers': 1, 'dropout': 0.3308494361176172, 'lr': 0.00017554788066738122, 'batch_size': 8, 'num_classes': 2, 'image_size': 224, 'transfer_custom_layers': 2, 'augment': True, 'resize_size': 256, 'crop_size': 224, 'epochs': 5, 'print_every': 10}",180.56352257728577,5.0,5.0,1748252737.0,1748252882.0,5.0,0.3075483631342649,87.58169934640523,80.32786885245902,1748252882.0,,False,5.0,6db4c_00017,2025-05-26_09-48-02,36.254425048828125,180.56352257728577,13927.0,ML-RefVm-423156,10.0.0.10,180.56352257728577,5.0,5.0,10.0,,,,,,,
hymenoptera_classification_transfer_learn_v2_goodname,"train_model_6db4c_00014_14_batch_size=8,dropout=0.3538,hidden_size=128,lr=0.0004,model_type=transfer,num_layers=1,transfer_custom__2025-05-26_09-35-20","/home/azureuser/ray_results/hymenoptera_classification_transfer_learn_v2_goodname/train_model_6db4c_00014_14_batch_size=8,dropout=0.3538,hidden_size=128,lr=0.0004,model_type=transfer,num_layers=1,transfer_custom__2025-05-26_09-35-20",stopped,True,True,2025-05-26 09:36:07.361825,True,8.0,224.0,0.35378393399906505,128.0,224.0,0.00042026555574906907,transfer,2.0,1.0,256.0,2.0,0.20086641907691954,94.77124183006536,84.01639344262296,1748252307.0,,False,5.0,2025-05-26_09-38-27,36.236390829086304,180.0606882572174,13504.0,ML-RefVm-423156,10.0.0.10,"{'model_type': 'transfer', 'hidden_size': 128, 'num_layers': 1, 'dropout': 0.35378393399906505, 'lr': 0.00042026555574906907, 'batch_size': 8, 'num_classes': 2, 'image_size': 224, 'transfer_custom_layers': 2, 'augment': True, 'resize_size': 256, 'crop_size': 224, 'epochs': 5, 'print_every': 10}",180.0606882572174,5.0,5.0,1748252163.0,1748252307.0,5.0,0.2008664190769195,94.77124183006536,84.01639344262296,1748252307.0,,False,5.0,6db4c_00014,2025-05-26_09-38-27,36.236390829086304,180.0606882572174,13504.0,ML-RefVm-423156,10.0.0.10,180.0606882572174,5.0,5.0,10.0,,,,,,,
hymenoptera_classification_transfer_learn_v2_goodname,"train_model_6db4c_00018_18_batch_size=16,dropout=0.4888,hidden_size=256,lr=0.0003,model_type=transfer,num_layers=2,transfer_custom_2025-05-26_09-48-02","/home/azureuser/ray_results/hymenoptera_classification_transfer_learn_v2_goodname/train_model_6db4c_00018_18_batch_size=16,dropout=0.4888,hidden_size=256,lr=0.0003,model_type=transfer,num_layers=2,transfer_custom_2025-05-26_09-48-02",stopped,True,True,2025-05-26 09:48:52.555075,True,16.0,224.0,0.48882235559540355,256.0,224.0,0.00033028298241287625,transfer,2.0,2.0,256.0,1.0,0.25933930575847625,94.77124183006536,88.52459016393442,1748253077.0,,False,5.0,2025-05-26_09-51-17,37.78799080848694,189.05108785629272,14468.0,ML-RefVm-423156,10.0.0.10,"{'model_type': 'transfer', 'hidden_size': 256, 'num_layers': 2, 'dropout': 0.48882235559540355, 'lr': 0.00033028298241287625, 'batch_size': 16, 'num_classes': 2, 'image_size': 224, 'transfer_custom_layers': 1, 'augment': True, 'resize_size': 256, 'crop_size': 224, 'epochs': 5, 'print_every': 10}",189.05108785629272,5.0,5.0,1748252925.0,1748253077.0,5.0,0.2593393057584762,94.77124183006536,88.52459016393442,1748253077.0,,False,5.0,6db4c_00018,2025-05-26_09-51-17,37.78799080848694,189.05108785629272,14468.0,ML-RefVm-423156,10.0.0.10,189.05108785629272,5.0,5.0,10.0,,,,,,,
hymenoptera_classification_transfer_learn_v2_goodname,"train_model_6db4c_00010_10_batch_size=16,dropout=0.2269,hidden_size=128,lr=0.0002,model_type=transfer,num_layers=1,transfer_custom_2025-05-26_09-22-25","/home/azureuser/ray_results/hymenoptera_classification_transfer_learn_v2_goodname/train_model_6db4c_00010_10_batch_size=16,dropout=0.2269,hidden_size=128,lr=0.0002,model_type=transfer,num_layers=1,transfer_custom_2025-05-26_09-22-25",stopped,True,True,2025-05-26 09:23:12.205020,True,16.0,224.0,0.22689799851658804,128.0,224.0,0.00016585868977511144,transfer,2.0,1.0,256.0,2.0,0.35692872405052184,93.4640522875817,88.11475409836065,1748251538.0,,False,5.0,2025-05-26_09-25-38,37.61244249343872,187.37266063690186,11535.0,ML-RefVm-423156,10.0.0.10,"{'model_type': 'transfer', 'hidden_size': 128, 'num_layers': 1, 'dropout': 0.22689799851658804, 'lr': 0.00016585868977511144, 'batch_size': 16, 'num_classes': 2, 'image_size': 224, 'transfer_custom_layers': 2, 'augment': True, 'resize_size': 256, 'crop_size': 224, 'epochs': 5, 'print_every': 10}",187.37266063690186,5.0,5.0,1748251388.0,1748251538.0,5.0,0.3569287240505218,93.4640522875817,88.11475409836065,1748251538.0,,False,5.0,6db4c_00010,2025-05-26_09-25-38,37.61244249343872,187.37266063690183,11535.0,ML-RefVm-423156,10.0.0.10,187.37266063690183,5.0,5.0,10.0,,,,,,,
hymenoptera_classification_transfer_learn_v2_goodname,"train_model_6db4c_00019_19_batch_size=16,dropout=0.3607,hidden_size=256,lr=0.0007,model_type=transfer,num_layers=3,transfer_custom_2025-05-26_09-51-17","/home/azureuser/ray_results/hymenoptera_classification_transfer_learn_v2_goodname/train_model_6db4c_00019_19_batch_size=16,dropout=0.3607,hidden_size=256,lr=0.0007,model_type=transfer,num_layers=3,transfer_custom_2025-05-26_09-51-17",stopped,True,True,2025-05-26 09:52:03.814104,True,16.0,224.0,0.3606618531371638,256.0,224.0,0.0006543234346499141,transfer,2.0,3.0,256.0,1.0,0.2212793964892626,93.4640522875817,87.29508196721312,1748253268.0,,False,5.0,2025-05-26_09-54-28,37.2694947719574,184.82937455177307,14608.0,ML-RefVm-423156,10.0.0.10,"{'model_type': 'transfer', 'hidden_size': 256, 'num_layers': 3, 'dropout': 0.3606618531371638, 'lr': 0.0006543234346499141, 'batch_size': 16, 'num_classes': 2, 'image_size': 224, 'transfer_custom_layers': 1, 'augment': True, 'resize_size': 256, 'crop_size': 224, 'epochs': 5, 'print_every': 10}",184.82937455177307,5.0,5.0,1748253120.0,1748253268.0,5.0,0.2212793964892626,93.4640522875817,87.29508196721312,1748253268.0,,False,5.0,6db4c_00019,2025-05-26_09-54-28,37.2694947719574,184.82937455177307,14608.0,ML-RefVm-423156,10.0.0.10,184.82937455177307,5.0,5.0,10.0,,,,,,,
hymenoptera_classification_transfer_learn_v2_goodname,"train_model_6db4c_00016_16_batch_size=8,dropout=0.3809,hidden_size=128,lr=0.0003,model_type=transfer,num_layers=2,transfer_custom__2025-05-26_09-41-43","/home/azureuser/ray_results/hymenoptera_classification_transfer_learn_v2_goodname/train_model_6db4c_00016_16_batch_size=8,dropout=0.3809,hidden_size=128,lr=0.0003,model_type=transfer,num_layers=2,transfer_custom__2025-05-26_09-41-43",stopped,True,True,2025-05-26 09:42:29.876308,True,8.0,224.0,0.3809154060225794,128.0,224.0,0.00025495033645814513,transfer,2.0,2.0,256.0,1.0,0.2576595962047577,89.54248366013071,88.52459016393442,1748252695.0,,False,5.0,2025-05-26_09-44-55,37.19201421737671,185.82876348495483,13785.0,ML-RefVm-423156,10.0.0.10,"{'model_type': 'transfer', 'hidden_size': 128, 'num_layers': 2, 'dropout': 0.3809154060225794, 'lr': 0.00025495033645814513, 'batch_size': 8, 'num_classes': 2, 'image_size': 224, 'transfer_custom_layers': 1, 'augment': True, 'resize_size': 256, 'crop_size': 224, 'epochs': 5, 'print_every': 10}",185.82876348495483,5.0,5.0,1748252546.0,1748252695.0,5.0,0.2576595962047577,89.54248366013071,88.52459016393442,1748252695.0,,False,5.0,6db4c_00016,2025-05-26_09-44-55,37.19201421737671,185.82876348495483,13785.0,ML-RefVm-423156,10.0.0.10,185.82876348495483,5.0,5.0,10.0,,,,,,,
hymenoptera_classification_transfer_learn_v2_goodname,"train_model_6db4c_00011_11_batch_size=8,dropout=0.2523,hidden_size=128,lr=0.0005,model_type=transfer,num_layers=1,transfer_custom__2025-05-26_09-25-38","/home/azureuser/ray_results/hymenoptera_classification_transfer_learn_v2_goodname/train_model_6db4c_00011_11_batch_size=8,dropout=0.2523,hidden_size=128,lr=0.0005,model_type=transfer,num_layers=1,transfer_custom__2025-05-26_09-25-38",stopped,True,True,2025-05-26 09:26:23.376327,True,8.0,224.0,0.2523328016122117,128.0,224.0,0.00047612754415294066,transfer,2.0,1.0,256.0,2.0,0.16705981569830328,94.11764705882354,86.88524590163935,1748251726.0,,False,5.0,2025-05-26_09-28-46,36.783517599105835,181.93836617469788,11830.0,ML-RefVm-423156,10.0.0.10,"{'model_type': 'transfer', 'hidden_size': 128, 'num_layers': 1, 'dropout': 0.2523328016122117, 'lr': 0.00047612754415294066, 'batch_size': 8, 'num_classes': 2, 'image_size': 224, 'transfer_custom_layers': 2, 'augment': True, 'resize_size': 256, 'crop_size': 224, 'epochs': 5, 'print_every': 10}",181.93836617469788,5.0,5.0,1748251580.0,1748251726.0,5.0,0.1670598156983032,94.11764705882354,86.88524590163935,1748251726.0,,False,5.0,6db4c_00011,2025-05-26_09-28-46,36.78351759910584,181.93836617469788,11830.0,ML-RefVm-423156,10.0.0.10,181.93836617469788,5.0,5.0,10.0,,,,,,,
hymenoptera_classification_transfer_learn_v2_goodname,"train_model_6db4c_00013_13_batch_size=4,dropout=0.4546,hidden_size=32,lr=0.0004,model_type=transfer,num_layers=2,transfer_custom_l_2025-05-26_09-32-02","/home/azureuser/ray_results/hymenoptera_classification_transfer_learn_v2_goodname/train_model_6db4c_00013_13_batch_size=4,dropout=0.4546,hidden_size=32,lr=0.0004,model_type=transfer,num_layers=2,transfer_custom_l_2025-05-26_09-32-02",stopped,True,True,2025-05-26 09:32:55.986935,True,4.0,224.0,0.45459412843578645,32.0,224.0,0.0003853354671317546,transfer,2.0,2.0,256.0,1.0,0.22668612958529058,94.77124183006536,76.63934426229508,1748252120.0,,False,5.0,2025-05-26_09-35-20,38.161301612854004,192.95087790489197,12114.0,ML-RefVm-423156,10.0.0.10,"{'model_type': 'transfer', 'hidden_size': 32, 'num_layers': 2, 'dropout': 0.45459412843578645, 'lr': 0.0003853354671317546, 'batch_size': 4, 'num_classes': 2, 'image_size': 224, 'transfer_custom_layers': 1, 'augment': True, 'resize_size': 256, 'crop_size': 224, 'epochs': 5, 'print_every': 10}",192.95087790489197,5.0,5.0,1748251966.0,1748252120.0,5.0,0.2266861295852905,94.77124183006536,76.63934426229508,1748252120.0,,False,5.0,6db4c_00013,2025-05-26_09-35-20,38.161301612854,192.950877904892,12114.0,ML-RefVm-423156,10.0.0.10,192.950877904892,5.0,5.0,10.0,,,,,,,
hymenoptera_classification_transfer_learn_v2_goodname,"train_model_6db4c_00002_2_batch_size=8,dropout=0.2389,hidden_size=64,lr=0.0003,model_type=transfer,num_layers=2,transfer_custom_la_2025-05-26_08-56-35","/home/azureuser/ray_results/hymenoptera_classification_transfer_learn_v2_goodname/train_model_6db4c_00002_2_batch_size=8,dropout=0.2389,hidden_size=64,lr=0.0003,model_type=transfer,num_layers=2,transfer_custom_la_2025-05-26_08-56-35",stopped,True,True,2025-05-26 08:57:22.291450,True,8.0,224.0,0.23891179085288508,64.0,224.0,0.00026082597361467864,transfer,2.0,2.0,256.0,1.0,0.205069537833333,94.77124183006536,88.52459016393442,1748249985.0,,False,5.0,2025-05-26_08-59-45,36.779093980789185,184.10478353500366,10060.0,ML-RefVm-423156,10.0.0.10,"{'model_type': 'transfer', 'hidden_size': 64, 'num_layers': 2, 'dropout': 0.23891179085288508, 'lr': 0.00026082597361467864, 'batch_size': 8, 'num_classes': 2, 'image_size': 224, 'transfer_custom_layers': 1, 'augment': True, 'resize_size': 256, 'crop_size': 224, 'epochs': 5, 'print_every': 10}",184.10478353500366,5.0,5.0,1748249838.0,1748249985.0,5.0,0.205069537833333,94.77124183006536,88.52459016393442,1748249985.0,,False,5.0,6db4c_00002,2025-05-26_08-59-45,36.77909398078919,184.1047835350037,10060.0,ML-RefVm-423156,10.0.0.10,184.1047835350037,5.0,5.0,10.0,,,,,,,
hymenoptera_classification_transfer_learn_v2_goodname,"train_model_6db4c_00008_8_batch_size=8,dropout=0.2223,hidden_size=32,lr=0.0001,model_type=transfer,num_layers=1,transfer_custom_la_2025-05-26_09-16-03","/home/azureuser/ray_results/hymenoptera_classification_transfer_learn_v2_goodname/train_model_6db4c_00008_8_batch_size=8,dropout=0.2223,hidden_size=32,lr=0.0001,model_type=transfer,num_layers=1,transfer_custom_la_2025-05-26_09-16-03",stopped,True,True,2025-05-26 09:16:49.786589,True,8.0,224.0,0.22233750452257434,32.0,224.0,0.00012648323116921462,transfer,2.0,1.0,256.0,1.0,0.31485993340611457,91.50326797385621,84.8360655737705,1748251155.0,,False,5.0,2025-05-26_09-19-15,37.13873362541199,185.78904700279236,11248.0,ML-RefVm-423156,10.0.0.10,"{'model_type': 'transfer', 'hidden_size': 32, 'num_layers': 1, 'dropout': 0.22233750452257434, 'lr': 0.00012648323116921462, 'batch_size': 8, 'num_classes': 2, 'image_size': 224, 'transfer_custom_layers': 1, 'augment': True, 'resize_size': 256, 'crop_size': 224, 'epochs': 5, 'print_every': 10}",185.78904700279236,5.0,5.0,1748251006.0,1748251155.0,5.0,0.3148599334061145,91.5032679738562,84.8360655737705,1748251155.0,,False,5.0,6db4c_00008,2025-05-26_09-19-15,37.13873362541199,185.7890470027924,11248.0,ML-RefVm-423156,10.0.0.10,185.7890470027924,5.0,5.0,10.0,,,,,,,
hymenoptera_classification_transfer_learn_v2_goodname,"train_model_6db4c_00009_9_batch_size=8,dropout=0.4432,hidden_size=128,lr=0.0001,model_type=transfer,num_layers=1,transfer_custom_l_2025-05-26_09-19-15","/home/azureuser/ray_results/hymenoptera_classification_transfer_learn_v2_goodname/train_model_6db4c_00009_9_batch_size=8,dropout=0.4432,hidden_size=128,lr=0.0001,model_type=transfer,num_layers=1,transfer_custom_l_2025-05-26_09-19-15",stopped,True,True,2025-05-26 09:20:00.913705,True,8.0,224.0,0.44320649199747764,128.0,224.0,0.00010506175718740258,transfer,2.0,1.0,256.0,1.0,0.3237633489072323,92.81045751633987,82.78688524590164,1748251345.0,,False,5.0,2025-05-26_09-22-25,36.636873722076416,183.32259607315063,11394.0,ML-RefVm-423156,10.0.0.10,"{'model_type': 'transfer', 'hidden_size': 128, 'num_layers': 1, 'dropout': 0.44320649199747764, 'lr': 0.00010506175718740258, 'batch_size': 8, 'num_classes': 2, 'image_size': 224, 'transfer_custom_layers': 1, 'augment': True, 'resize_size': 256, 'crop_size': 224, 'epochs': 5, 'print_every': 10}",183.32259607315063,5.0,5.0,1748251198.0,1748251345.0,5.0,0.3237633489072323,92.81045751633988,82.78688524590164,1748251345.0,,False,5.0,6db4c_00009,2025-05-26_09-22-25,36.636873722076416,183.32259607315063,11394.0,ML-RefVm-423156,10.0.0.10,183.32259607315063,5.0,5.0,10.0,,,,,,,
hymenoptera_classification_transfer_learn_v2_goodname,"train_model_6db4c_00004_4_batch_size=4,dropout=0.2082,hidden_size=256,lr=0.0003,model_type=transfer,num_layers=2,transfer_custom_l_2025-05-26_09-02-58","/home/azureuser/ray_results/hymenoptera_classification_transfer_learn_v2_goodname/train_model_6db4c_00004_4_batch_size=4,dropout=0.2082,hidden_size=256,lr=0.0003,model_type=transfer,num_layers=2,transfer_custom_l_2025-05-26_09-02-58",stopped,True,True,2025-05-26 09:03:44.549563,True,4.0,224.0,0.20818054049188978,256.0,224.0,0.0002848927010718968,transfer,2.0,2.0,256.0,2.0,0.2242988095833705,94.11764705882354,73.77049180327869,1748250377.0,,False,5.0,2025-05-26_09-06-17,39.23164677619934,193.13408708572388,10500.0,ML-RefVm-423156,10.0.0.10,"{'model_type': 'transfer', 'hidden_size': 256, 'num_layers': 2, 'dropout': 0.20818054049188978, 'lr': 0.0002848927010718968, 'batch_size': 4, 'num_classes': 2, 'image_size': 224, 'transfer_custom_layers': 2, 'augment': True, 'resize_size': 256, 'crop_size': 224, 'epochs': 5, 'print_every': 10}",193.13408708572388,5.0,5.0,1748250222.0,1748250377.0,5.0,0.2242988095833705,94.11764705882354,73.77049180327869,1748250377.0,,False,5.0,6db4c_00004,2025-05-26_09-06-17,39.23164677619934,193.13408708572388,10500.0,ML-RefVm-423156,10.0.0.10,193.13408708572388,5.0,5.0,10.0,,,,,,,
hymenoptera_classification_CNN,"train_model_90603_00000_0_batch_size=8,dropout=0.2577,hidden_size=256,lr=0.0006,model_type=cnn,num_layers=2,transfer_custom_layers_2025-05-26_10-45-39","/home/azureuser/ray_results/hymenoptera_classification_CNN/train_model_90603_00000_0_batch_size=8,dropout=0.2577,hidden_size=256,lr=0.0006,model_type=cnn,num_layers=2,transfer_custom_layers_2025-05-26_10-45-39",unknown,False,False,2025-05-26 10:45:39.673403,,,,,,,,,,,,,,,,,,,,,,,,,,,,,,,,,,,,,,,,,,,,,,,,,,,,,,,,,
hymenoptera_classification_CNN,"train_model_7e5ab_00000_0_batch_size=16,dropout=0.4606,hidden_size=128,lr=0.0006,model_type=cnn,num_layers=2,transfer_custom_layer_2025-05-26_10-45-09","/home/azureuser/ray_results/hymenoptera_classification_CNN/train_model_7e5ab_00000_0_batch_size=16,dropout=0.4606,hidden_size=128,lr=0.0006,model_type=cnn,num_layers=2,transfer_custom_layer_2025-05-26_10-45-09",unknown,True,True,2025-05-26 10:45:19.457478,True,16.0,224.0,0.46061945099103113,128.0,224.0,0.0006124170693494975,cnn,2.0,2.0,256.0,1.0,,,,,,,,,,,,,,,,,,,,,,,,,,,,,,,,,,,,,5.0,10.0,,,,,,,
hymenoptera_classification_transfer_learn,"train_model_5ec34_00000_0_batch_size=8,dropout=0.2942,hidden_size=256,lr=0.0006,model_type=transer,num_layers=3,transfer_custom_la_2025-05-26_07-52-28","/home/azureuser/ray_results/hymenoptera_classification_transfer_learn/train_model_5ec34_00000_0_batch_size=8,dropout=0.2942,hidden_size=256,lr=0.0006,model_type=transer,num_layers=3,transfer_custom_la_2025-05-26_07-52-28",stopped,True,True,2025-05-26 08:15:37.364839,True,8.0,224.0,0.29423213286884875,256.0,224.0,0.000630098186275737,transer,2.0,3.0,256.0,3.0,0.6874218106269836,52.94117647058823,57.377049180327866,1748248508.0,,False,2.0,2025-05-26_08-35-08,1175.2872333526611,2552.959439277649,6765.0,ML-RefVm-423156,10.0.0.10,"{'model_type': 'transer', 'hidden_size': 256, 'num_layers': 3, 'dropout': 0.29423213286884875, 'lr': 0.000630098186275737, 'batch_size': 8, 'num_classes': 2, 'image_size': 224, 'transfer_custom_layers': 3, 'augment': True, 'resize_size': 256, 'crop_size': 224, 'epochs': 15, 'print_every': 10}",2552.959439277649,2.0,2.0,1748247333.0,1748248508.0,2.0,0.6874218106269836,52.94117647058823,57.377049180327866,1748248508.0,,False,2.0,5ec34_00000,2025-05-26_08-35-08,1175.2872333526611,2552.959439277649,6765.0,ML-RefVm-423156,10.0.0.10,2552.959439277649,2.0,15.0,10.0,,,,,,,
hymenoptera_classification,"train_model_95ac8_00000_0_batch_size=16,dropout=0.2293,hidden_size=32,lr=0.0002,model_type=cnn,num_layers=2,transfer_custom_layers_2025-05-23_15-28-32","/home/azureuser/ray_results/hymenoptera_classification/train_model_95ac8_00000_0_batch_size=16,dropout=0.2293,hidden_size=32,lr=0.0002,model_type=cnn,num_layers=2,transfer_custom_layers_2025-05-23_15-28-32",stopped,True,True,2025-05-23 15:29:12.603310,True,16.0,224.0,0.2292810574714456,32.0,224.0,0.00016798287236701725,cnn,2.0,2.0,256.0,1.0,0.6240648627281189,57.51633986928105,68.0327868852459,1748014256.0,,False,5.0,2025-05-23_15-30-56,27.350006341934204,137.9458875656128,74328.0,ML-RefVm-423156,10.0.0.10,"{'model_type': 'cnn', 'hidden_size': 32, 'num_layers': 2, 'dropout': 0.2292810574714456, 'lr': 0.00016798287236701725, 'batch_size': 16, 'num_classes': 2, 'image_size': 224, 'transfer_custom_layers': 1, 'augment': True, 'resize_size': 256, 'crop_size': 224, 'epochs': 5, 'print_every': 10}",137.9458875656128,5.0,5.0,1748014146.0,1748014256.0,5.0,0.6240648627281189,57.51633986928105,68.0327868852459,1748014256.0,,False,5.0,95ac8_00000,2025-05-23_15-30-56,27.350006341934204,137.9458875656128,74328.0,ML-RefVm-423156,10.0.0.10,137.9458875656128,5.0,5.0,10.0,,,,,,,
hymenoptera_classification,"train_model_ecfd2_00002_2_batch_size=32,dropout=0.1105,hidden_size=64,lr=0.0003,model_type=transer,num_layers=1,transfer_custom_la_2025-05-25_20-00-55","/home/azureuser/ray_results/hymenoptera_classification/train_model_ecfd2_00002_2_batch_size=32,dropout=0.1105,hidden_size=64,lr=0.0003,model_type=transer,num_layers=1,transfer_custom_la_2025-05-25_20-00-55",stopped,True,True,2025-05-25 20:01:57.934756,True,32.0,224.0,0.11054402276816325,64.0,224.0,0.0002713380208754741,transer,2.0,1.0,256.0,2.0,1.5699267834424973,57.51633986928105,61.0655737704918,1748203484.0,,False,5.0,2025-05-25_20-04-44,43.80009746551514,222.5821008682251,6500.0,ML-RefVm-423156,10.0.0.10,"{'model_type': 'transer', 'hidden_size': 64, 'num_layers': 1, 'dropout': 0.11054402276816325, 'lr': 0.0002713380208754741, 'batch_size': 32, 'num_classes': 2, 'image_size': 224, 'transfer_custom_layers': 2, 'augment': True, 'resize_size': 256, 'crop_size': 224, 'epochs': 5, 'print_every': 10}",222.5821008682251,5.0,5.0,1748203308.0,1748203484.0,5.0,1.5699267834424973,57.51633986928105,61.0655737704918,1748203484.0,,False,5.0,ecfd2_00002,2025-05-25_20-04-44,43.80009746551514,222.5821008682251,6500.0,ML-RefVm-423156,10.0.0.10,222.5821008682251,5.0,5.0,10.0,,,,,,,
hymenoptera_classification,"train_model_ecfd2_00004_4_batch_size=8,dropout=0.3534,hidden_size=128,lr=0.0002,model_type=transer,num_layers=2,transfer_custom_la_2025-05-25_20-11-17","/home/azureuser/ray_results/hymenoptera_classification/train_model_ecfd2_00004_4_batch_size=8,dropout=0.3534,hidden_size=128,lr=0.0002,model_type=transer,num_layers=2,transfer_custom_la_2025-05-25_20-11-17",stopped,True,True,2025-05-25 20:15:33.234104,True,8.0,224.0,0.35339486064557113,128.0,224.0,0.00023098671908621787,transer,2.0,2.0,256.0,3.0,0.6145192604511976,66.66666666666667,69.26229508196721,1748205116.0,,False,5.0,2025-05-25_20-31-56,247.0601692199707,1232.484662771225,6979.0,ML-RefVm-423156,10.0.0.10,"{'model_type': 'transer', 'hidden_size': 128, 'num_layers': 2, 'dropout': 0.35339486064557113, 'lr': 0.00023098671908621787, 'batch_size': 8, 'num_classes': 2, 'image_size': 224, 'transfer_custom_layers': 3, 'augment': True, 'resize_size': 256, 'crop_size': 224, 'epochs': 5, 'print_every': 10}",1232.484662771225,5.0,5.0,1748204131.0,1748205116.0,5.0,0.6145192604511976,66.66666666666667,69.26229508196721,1748205116.0,,False,5.0,ecfd2_00004,2025-05-25_20-31-56,247.0601692199707,1232.484662771225,6979.0,ML-RefVm-423156,10.0.0.10,1232.484662771225,5.0,5.0,10.0,,,,,,,
hymenoptera_classification,"train_model_ecfd2_00005_5_batch_size=16,dropout=0.1592,hidden_size=64,lr=0.0071,model_type=transer,num_layers=2,transfer_custom_la_2025-05-25_20-31-56","/home/azureuser/ray_results/hymenoptera_classification/train_model_ecfd2_00005_5_batch_size=16,dropout=0.1592,hidden_size=64,lr=0.0071,model_type=transer,num_layers=2,transfer_custom_la_2025-05-25_20-31-56",stopped,True,True,2025-05-25 20:33:30.261374,True,16.0,224.0,0.15916571489410064,64.0,224.0,0.007065053090026203,transer,2.0,2.0,256.0,2.0,0.6919670164585113,54.248366013071895,47.540983606557376,1748205533.0,,False,5.0,2025-05-25_20-38-53,81.60280418395996,410.630487203598,7244.0,ML-RefVm-423156,10.0.0.10,"{'model_type': 'transer', 'hidden_size': 64, 'num_layers': 2, 'dropout': 0.15916571489410064, 'lr': 0.007065053090026203, 'batch_size': 16, 'num_classes': 2, 'image_size': 224, 'transfer_custom_layers': 2, 'augment': True, 'resize_size': 256, 'crop_size': 224, 'epochs': 5, 'print_every': 10}",410.630487203598,5.0,5.0,1748205205.0,1748205533.0,5.0,0.6919670164585113,54.248366013071895,47.540983606557376,1748205533.0,,False,5.0,ecfd2_00005,2025-05-25_20-38-53,81.60280418395996,410.630487203598,7244.0,ML-RefVm-423156,10.0.0.10,410.630487203598,5.0,5.0,10.0,,,,,,,
hymenoptera_classification,"train_model_95ac8_00007_7_batch_size=32,dropout=0.1551,hidden_size=32,lr=0.0002,model_type=cnn,num_layers=1,transfer_custom_layers_2025-05-23_16-45-44","/home/azureuser/ray_results/hymenoptera_classification/train_model_95ac8_00007_7_batch_size=32,dropout=0.1551,hidden_size=32,lr=0.0002,model_type=cnn,num_layers=1,transfer_custom_layers_2025-05-23_16-45-44",stopped,True,True,2025-05-23 16:46:11.559469,True,32.0,224.0,0.15506661841693478,32.0,224.0,0.00017728726134443599,cnn,2.0,1.0,256.0,3.0,0.7001146912574768,59.47712418300654,56.557377049180324,1748018851.0,,False,5.0,2025-05-23_16-47-31,20.452743768692017,101.8092954158783,95380.0,ML-RefVm-423156,10.0.0.10,"{'model_type': 'cnn', 'hidden_size': 32, 'num_layers': 1, 'dropout': 0.15506661841693478, 'lr': 0.00017728726134443599, 'batch_size': 32, 'num_classes': 2, 'image_size': 224, 'transfer_custom_layers': 3, 'augment': True, 'resize_size': 256, 'crop_size': 224, 'epochs': 5, 'print_every': 10}",101.8092954158783,5.0,5.0,1748018769.0,1748018851.0,5.0,0.7001146912574768,59.47712418300654,56.55737704918032,1748018851.0,,False,5.0,95ac8_00007,2025-05-23_16-47-31,20.452743768692017,101.8092954158783,95380.0,ML-RefVm-423156,10.0.0.10,101.8092954158783,5.0,5.0,10.0,,,,,,,
hymenoptera_classification,"train_model_ecfd2_00003_3_batch_size=32,dropout=0.2879,hidden_size=64,lr=0.0006,model_type=transer,num_layers=2,transfer_custom_la_2025-05-25_20-04-44","/home/azureuser/ray_results/hymenoptera_classification/train_model_ecfd2_00003_3_batch_size=32,dropout=0.2879,hidden_size=64,lr=0.0006,model_type=transer,num_layers=2,transfer_custom_la_2025-05-25_20-04-44",stopped,True,True,2025-05-25 20:06:09.602676,True,32.0,224.0,0.2878505694916865,64.0,224.0,0.0005594569943676084,transer,2.0,2.0,256.0,2.0,0.6565752148628234,64.05228758169935,65.57377049180327,1748203877.0,,False,5.0,2025-05-25_20-11-17,77.32786917686462,387.1656405925751,6647.0,ML-RefVm-423156,10.0.0.10,"{'model_type': 'transer', 'hidden_size': 64, 'num_layers': 2, 'dropout': 0.2878505694916865, 'lr': 0.0005594569943676084, 'batch_size': 32, 'num_classes': 2, 'image_size': 224, 'transfer_custom_layers': 2, 'augment': True, 'resize_size': 256, 'crop_size': 224, 'epochs': 5, 'print_every': 10}",387.1656405925751,5.0,5.0,1748203568.0,1748203877.0,5.0,0.6565752148628234,64.05228758169935,65.57377049180327,1748203877.0,,False,5.0,ecfd2_00003,2025-05-25_20-11-17,77.32786917686462,387.1656405925751,6647.0,ML-RefVm-423156,10.0.0.10,387.1656405925751,5.0,5.0,10.0,,,,,,,
hymenoptera_classification,"train_model_95ac8_00008_8_batch_size=8,dropout=0.3615,hidden_size=64,lr=0.0023,model_type=cnn,num_layers=2,transfer_custom_layers=_2025-05-23_16-47-31","/home/azureuser/ray_results/hymenoptera_classification/train_model_95ac8_00008_8_batch_size=8,dropout=0.3615,hidden_size=64,lr=0.0023,model_type=cnn,num_layers=2,transfer_custom_layers=_2025-05-23_16-47-31",stopped,True,True,2025-05-23 16:48:52.550962,True,8.0,224.0,0.36149945396042515,64.0,224.0,0.002263570590522401,cnn,2.0,2.0,256.0,2.0,0.6977213889360427,45.751633986928105,50.40983606557377,1748019208.0,,False,5.0,2025-05-23_16-53-28,70.81032395362854,351.37441182136536,96203.0,ML-RefVm-423156,10.0.0.10,"{'model_type': 'cnn', 'hidden_size': 64, 'num_layers': 2, 'dropout': 0.36149945396042515, 'lr': 0.002263570590522401, 'batch_size': 8, 'num_classes': 2, 'image_size': 224, 'transfer_custom_layers': 2, 'augment': True, 'resize_size': 256, 'crop_size': 224, 'epochs': 5, 'print_every': 10}",351.37441182136536,5.0,5.0,1748018927.0,1748019208.0,5.0,0.6977213889360427,45.751633986928105,50.40983606557377,1748019208.0,,False,5.0,95ac8_00008,2025-05-23_16-53-28,70.81032395362854,351.37441182136536,96203.0,ML-RefVm-423156,10.0.0.10,351.37441182136536,5.0,5.0,10.0,,,,,,,
hymenoptera_classification,"train_model_95ac8_00005_5_batch_size=32,dropout=0.3242,hidden_size=64,lr=0.0009,model_type=cnn,num_layers=3,transfer_custom_layers_2025-05-23_16-23-38","/home/azureuser/ray_results/hymenoptera_classification/train_model_95ac8_00005_5_batch_size=32,dropout=0.3242,hidden_size=64,lr=0.0009,model_type=cnn,num_layers=3,transfer_custom_layers_2025-05-23_16-23-38",stopped,True,True,2025-05-23 16:25:03.580129,True,32.0,224.0,0.32424705231884926,64.0,224.0,0.0008675529929438401,cnn,2.0,3.0,256.0,2.0,0.6988520145416259,60.130718954248366,61.885245901639344,1748017774.0,,False,5.0,2025-05-23_16-29-34,69.96986746788025,350.12984228134155,89259.0,ML-RefVm-423156,10.0.0.10,"{'model_type': 'cnn', 'hidden_size': 64, 'num_layers': 3, 'dropout': 0.32424705231884926, 'lr': 0.0008675529929438401, 'batch_size': 32, 'num_classes': 2, 'image_size': 224, 'transfer_custom_layers': 2, 'augment': True, 'resize_size': 256, 'crop_size': 224, 'epochs': 5, 'print_every': 10}",350.12984228134155,5.0,5.0,1748017494.0,1748017774.0,5.0,0.6988520145416259,60.130718954248366,61.885245901639344,1748017774.0,,False,5.0,95ac8_00005,2025-05-23_16-29-34,69.96986746788025,350.12984228134155,89259.0,ML-RefVm-423156,10.0.0.10,350.12984228134155,5.0,5.0,10.0,,,,,,,
hymenoptera_classification,"train_model_ecfd2_00001_1_batch_size=8,dropout=0.1021,hidden_size=32,lr=0.0009,model_type=transer,num_layers=2,transfer_custom_lay_2025-05-25_19-57-39","/home/azureuser/ray_results/hymenoptera_classification/train_model_ecfd2_00001_1_batch_size=8,dropout=0.1021,hidden_size=32,lr=0.0009,model_type=transer,num_layers=2,transfer_custom_lay_2025-05-25_19-57-39",stopped,True,True,2025-05-25 19:58:26.746887,True,8.0,224.0,0.10213946554478914,32.0,224.0,0.0009433222996029414,transer,2.0,2.0,256.0,1.0,0.6743950098752975,58.169934640522875,59.01639344262295,1748203255.0,,False,5.0,2025-05-25_20-00-55,37.792073011398315,189.4422218799591,6357.0,ML-RefVm-423156,10.0.0.10,"{'model_type': 'transer', 'hidden_size': 32, 'num_layers': 2, 'dropout': 0.10213946554478914, 'lr': 0.0009433222996029414, 'batch_size': 8, 'num_classes': 2, 'image_size': 224, 'transfer_custom_layers': 1, 'augment': True, 'resize_size': 256, 'crop_size': 224, 'epochs': 5, 'print_every': 10}",189.4422218799591,5.0,5.0,1748203104.0,1748203255.0,5.0,0.6743950098752975,58.16993464052288,59.01639344262295,1748203255.0,,False,5.0,ecfd2_00001,2025-05-25_20-00-55,37.79207301139832,189.4422218799591,6357.0,ML-RefVm-423156,10.0.0.10,189.4422218799591,5.0,5.0,10.0,,,,,,,
hymenoptera_classification,"train_model_95ac8_00002_2_batch_size=32,dropout=0.3510,hidden_size=128,lr=0.0014,model_type=cnn,num_layers=3,transfer_custom_layer_2025-05-23_15-43-47","/home/azureuser/ray_results/hymenoptera_classification/train_model_95ac8_00002_2_batch_size=32,dropout=0.3510,hidden_size=128,lr=0.0014,model_type=cnn,num_layers=3,transfer_custom_layer_2025-05-23_15-43-47",stopped,True,True,2025-05-23 15:48:30.026012,True,32.0,224.0,0.35100409035214963,128.0,224.0,0.0014144222775060848,cnn,2.0,3.0,256.0,3.0,0.6900440335273743,57.51633986928105,54.09836065573771,1748016071.0,,False,5.0,2025-05-23_16-01-11,190.50501894950867,1038.1335155963898,78578.0,ML-RefVm-423156,10.0.0.10,"{'model_type': 'cnn', 'hidden_size': 128, 'num_layers': 3, 'dropout': 0.35100409035214963, 'lr': 0.0014144222775060848, 'batch_size': 32, 'num_classes': 2, 'image_size': 224, 'transfer_custom_layers': 3, 'augment': True, 'resize_size': 256, 'crop_size': 224, 'epochs': 5, 'print_every': 10}",1038.1335155963898,5.0,5.0,1748015308.0,1748016071.0,5.0,0.6900440335273743,57.51633986928105,54.09836065573771,1748016071.0,,False,5.0,95ac8_00002,2025-05-23_16-01-11,190.50501894950867,1038.1335155963898,78578.0,ML-RefVm-423156,10.0.0.10,1038.1335155963898,5.0,5.0,10.0,,,,,,,
hymenoptera_classification,"train_model_95ac8_00001_1_batch_size=16,dropout=0.3163,hidden_size=128,lr=0.0023,model_type=cnn,num_layers=2,transfer_custom_layer_2025-05-23_15-30-56","/home/azureuser/ray_results/hymenoptera_classification/train_model_95ac8_00001_1_batch_size=16,dropout=0.3163,hidden_size=128,lr=0.0023,model_type=cnn,num_layers=2,transfer_custom_layer_2025-05-23_15-30-56",stopped,True,True,2025-05-23 15:33:54.521772,True,16.0,224.0,0.3163028773478656,128.0,224.0,0.002338830851654891,cnn,2.0,2.0,256.0,2.0,0.6894469916820526,54.248366013071895,49.59016393442623,1748015027.0,,False,5.0,2025-05-23_15-43-47,151.2944450378418,763.8340075016022,75086.0,ML-RefVm-423156,10.0.0.10,"{'model_type': 'cnn', 'hidden_size': 128, 'num_layers': 2, 'dropout': 0.3163028773478656, 'lr': 0.002338830851654891, 'batch_size': 16, 'num_classes': 2, 'image_size': 224, 'transfer_custom_layers': 2, 'augment': True, 'resize_size': 256, 'crop_size': 224, 'epochs': 5, 'print_every': 10}",763.8340075016022,5.0,5.0,1748014426.0,1748015027.0,5.0,0.6894469916820526,54.248366013071895,49.59016393442623,1748015027.0,,False,5.0,95ac8_00001,2025-05-23_15-43-47,151.2944450378418,763.8340075016022,75086.0,ML-RefVm-423156,10.0.0.10,763.8340075016022,5.0,5.0,10.0,,,,,,,
hymenoptera_classification,"train_model_95ac8_00004_4_batch_size=32,dropout=0.2762,hidden_size=64,lr=0.0002,model_type=cnn,num_layers=3,transfer_custom_layers_2025-05-23_16-17-41","/home/azureuser/ray_results/hymenoptera_classification/train_model_95ac8_00004_4_batch_size=32,dropout=0.2762,hidden_size=64,lr=0.0002,model_type=cnn,num_layers=3,transfer_custom_layers_2025-05-23_16-17-41",stopped,True,True,2025-05-23 16:19:01.427598,True,32.0,224.0,0.2761617429972586,64.0,224.0,0.000196296259271148,cnn,2.0,3.0,256.0,3.0,0.6568271696567536,57.51633986928105,62.295081967213115,1748017418.0,,False,5.0,2025-05-23_16-23-38,69.86890602111816,351.7378625869751,87530.0,ML-RefVm-423156,10.0.0.10,"{'model_type': 'cnn', 'hidden_size': 64, 'num_layers': 3, 'dropout': 0.2761617429972586, 'lr': 0.000196296259271148, 'batch_size': 32, 'num_classes': 2, 'image_size': 224, 'transfer_custom_layers': 3, 'augment': True, 'resize_size': 256, 'crop_size': 224, 'epochs': 5, 'print_every': 10}",351.7378625869751,5.0,5.0,1748017137.0,1748017418.0,5.0,0.6568271696567536,57.51633986928105,62.29508196721312,1748017418.0,,False,5.0,95ac8_00004,2025-05-23_16-23-38,69.86890602111816,351.7378625869751,87530.0,ML-RefVm-423156,10.0.0.10,351.7378625869751,5.0,5.0,10.0,,,,,,,
hymenoptera_classification,"train_model_95ac8_00009_9_batch_size=16,dropout=0.2596,hidden_size=64,lr=0.0003,model_type=cnn,num_layers=1,transfer_custom_layers_2025-05-23_16-53-28","/home/azureuser/ray_results/hymenoptera_classification/train_model_95ac8_00009_9_batch_size=16,dropout=0.2596,hidden_size=64,lr=0.0003,model_type=cnn,num_layers=1,transfer_custom_layers_2025-05-23_16-53-28",stopped,True,True,2025-05-23 16:54:24.711423,True,16.0,224.0,0.25958256404151514,64.0,224.0,0.00025051460441290825,cnn,2.0,1.0,256.0,3.0,0.6635340869426727,55.55555555555556,61.47540983606557,1748019472.0,,False,5.0,2025-05-23_16-57-52,52.122934103012085,257.8196325302124,97733.0,ML-RefVm-423156,10.0.0.10,"{'model_type': 'cnn', 'hidden_size': 64, 'num_layers': 1, 'dropout': 0.25958256404151514, 'lr': 0.00025051460441290825, 'batch_size': 16, 'num_classes': 2, 'image_size': 224, 'transfer_custom_layers': 3, 'augment': True, 'resize_size': 256, 'crop_size': 224, 'epochs': 5, 'print_every': 10}",257.8196325302124,5.0,5.0,1748019264.0,1748019472.0,5.0,0.6635340869426727,55.55555555555556,61.47540983606557,1748019472.0,,False,5.0,95ac8_00009,2025-05-23_16-57-52,52.122934103012085,257.8196325302124,97733.0,ML-RefVm-423156,10.0.0.10,257.8196325302124,5.0,5.0,10.0,,,,,,,
hymenoptera_classification,"train_model_ecfd2_00006_6_batch_size=8,dropout=0.4962,hidden_size=128,lr=0.0006,model_type=transer,num_layers=2,transfer_custom_la_2025-05-25_20-38-53","/home/azureuser/ray_results/hymenoptera_classification/train_model_ecfd2_00006_6_batch_size=8,dropout=0.4962,hidden_size=128,lr=0.0006,model_type=transer,num_layers=2,transfer_custom_la_2025-05-25_20-38-53",stopped,True,True,2025-05-25 20:43:14.053106,True,8.0,224.0,0.49622949302836117,128.0,224.0,0.0006098114706134825,transer,2.0,2.0,256.0,3.0,0.6240646309219301,53.59477124183007,53.278688524590166,1748206039.0,,False,2.0,2025-05-25_20-47-19,249.57945275306702,499.69161677360535,7911.0,ML-RefVm-423156,10.0.0.10,"{'model_type': 'transer', 'hidden_size': 128, 'num_layers': 2, 'dropout': 0.49622949302836117, 'lr': 0.0006098114706134825, 'batch_size': 8, 'num_classes': 2, 'image_size': 224, 'transfer_custom_layers': 3, 'augment': True, 'resize_size': 256, 'crop_size': 224, 'epochs': 5, 'print_every': 10}",499.69161677360535,2.0,2.0,1748205789.0,1748206039.0,2.0,0.6240646309219301,53.59477124183007,53.278688524590166,1748206039.0,,False,2.0,ecfd2_00006,2025-05-25_20-47-19,249.57945275306705,499.69161677360535,7911.0,ML-RefVm-423156,10.0.0.10,499.69161677360535,2.0,5.0,10.0,,,,,,,
hymenoptera_classification,"train_model_ecfd2_00000_0_batch_size=16,dropout=0.1287,hidden_size=128,lr=0.0085,model_type=transer,num_layers=2,transfer_custom_l_2025-05-25_19-39-08","/home/azureuser/ray_results/hymenoptera_classification/train_model_ecfd2_00000_0_batch_size=16,dropout=0.1287,hidden_size=128,lr=0.0085,model_type=transer,num_layers=2,transfer_custom_l_2025-05-25_19-39-08",stopped,True,True,2025-05-25 19:43:00.631608,True,16.0,224.0,0.12869192922372316,128.0,224.0,0.008464666923168837,transer,2.0,2.0,256.0,2.0,0.6945476055145263,45.751633986928105,44.67213114754098,1748203059.0,,False,5.0,2025-05-25_19-57-39,220.64510107040405,1103.9367547035217,5560.0,ML-RefVm-423156,10.0.0.10,"{'model_type': 'transer', 'hidden_size': 128, 'num_layers': 2, 'dropout': 0.12869192922372316, 'lr': 0.008464666923168837, 'batch_size': 16, 'num_classes': 2, 'image_size': 224, 'transfer_custom_layers': 2, 'augment': True, 'resize_size': 256, 'crop_size': 224, 'epochs': 5, 'print_every': 10}",1103.9367547035217,5.0,5.0,1748202178.0,1748203059.0,5.0,0.6945476055145263,45.751633986928105,44.67213114754098,1748203059.0,,False,5.0,ecfd2_00000,2025-05-25_19-57-39,220.64510107040405,1103.9367547035215,5560.0,ML-RefVm-423156,10.0.0.10,1103.9367547035215,5.0,5.0,10.0,,,,,,,
hymenoptera_classification,"train_model_95ac8_00006_6_batch_size=32,dropout=0.1806,hidden_size=128,lr=0.0003,model_type=cnn,num_layers=3,transfer_custom_layer_2025-05-23_16-29-34","/home/azureuser/ray_results/hymenoptera_classification/train_model_95ac8_00006_6_batch_size=32,dropout=0.1806,hidden_size=128,lr=0.0003,model_type=cnn,num_layers=3,transfer_custom_layer_2025-05-23_16-29-34",stopped,True,True,2025-05-23 16:32:56.555584,True,32.0,224.0,0.1805823917305639,128.0,224.0,0.00025792322642877245,cnn,2.0,3.0,256.0,1.0,0.6666865766048431,56.86274509803921,60.65573770491803,1748018744.0,,False,5.0,2025-05-23_16-45-44,194.3049669265747,963.4693200588226,91055.0,ML-RefVm-423156,10.0.0.10,"{'model_type': 'cnn', 'hidden_size': 128, 'num_layers': 3, 'dropout': 0.1805823917305639, 'lr': 0.00025792322642877245, 'batch_size': 32, 'num_classes': 2, 'image_size': 224, 'transfer_custom_layers': 1, 'augment': True, 'resize_size': 256, 'crop_size': 224, 'epochs': 5, 'print_every': 10}",963.4693200588226,5.0,5.0,1748017973.0,1748018744.0,5.0,0.6666865766048431,56.86274509803921,60.65573770491803,1748018744.0,,False,5.0,95ac8_00006,2025-05-23_16-45-44,194.3049669265747,963.4693200588226,91055.0,ML-RefVm-423156,10.0.0.10,963.4693200588226,5.0,5.0,10.0,,,,,,,
hymenoptera_classification,"train_model_95ac8_00003_3_batch_size=16,dropout=0.1376,hidden_size=128,lr=0.0016,model_type=cnn,num_layers=3,transfer_custom_layer_2025-05-23_16-01-11","/home/azureuser/ray_results/hymenoptera_classification/train_model_95ac8_00003_3_batch_size=16,dropout=0.1376,hidden_size=128,lr=0.0016,model_type=cnn,num_layers=3,transfer_custom_layer_2025-05-23_16-01-11",stopped,True,True,2025-05-23 16:04:35.990849,True,16.0,224.0,0.13755709262281146,128.0,224.0,0.0015781073611004183,cnn,2.0,3.0,256.0,1.0,0.6831143379211426,54.90196078431372,59.42622950819672,1748017061.0,,False,5.0,2025-05-23_16-17-41,195.9530258178711,983.9011969566345,84018.0,ML-RefVm-423156,10.0.0.10,"{'model_type': 'cnn', 'hidden_size': 128, 'num_layers': 3, 'dropout': 0.13755709262281146, 'lr': 0.0015781073611004183, 'batch_size': 16, 'num_classes': 2, 'image_size': 224, 'transfer_custom_layers': 1, 'augment': True, 'resize_size': 256, 'crop_size': 224, 'epochs': 5, 'print_every': 10}",983.9011969566345,5.0,5.0,1748016273.0,1748017061.0,5.0,0.6831143379211426,54.90196078431372,59.42622950819672,1748017061.0,,False,5.0,95ac8_00003,2025-05-23_16-17-41,195.9530258178711,983.9011969566344,84018.0,ML-RefVm-423156,10.0.0.10,983.9011969566344,5.0,5.0,10.0,,,,,,,
hymenoptera_classification_transfer_zoom,"train_model_659e2_00006_6_batch_size=4,dropout=0.3851,hidden_size=32,lr=0.0003,model_type=transfer,num_layers=3,transfer_custom_la_2025-05-26_12-36-55","/home/azureuser/ray_results/hymenoptera_classification_transfer_zoom/train_model_659e2_00006_6_batch_size=4,dropout=0.3851,hidden_size=32,lr=0.0003,model_type=transfer,num_layers=3,transfer_custom_la_2025-05-26_12-36-55",stopped,True,True,2025-05-26 12:37:39.223836,True,4.0,224.0,0.3850735463375562,32.0,224.0,0.0003100442403721148,transfer,2.0,3.0,256.0,1.0,0.23379119409200472,93.4640522875817,80.73770491803279,1748263360.0,,False,9.0,2025-05-26_12-42-40,37.38554811477661,339.1116797924042,22091.0,ML-RefVm-423156,10.0.0.10,"{'model_type': 'transfer', 'hidden_size': 32, 'num_layers': 3, 'dropout': 0.3850735463375562, 'lr': 0.0003100442403721148, 'batch_size': 4, 'num_classes': 2, 'image_size': 224, 'transfer_custom_layers': 1, 'augment': True, 'resize_size': 256, 'crop_size': 224, 'epochs': 20, 'patience': 5, 'scheduler_step': 3, 'scheduler_gamma': 0.5}",339.1116797924042,9.0,9.0,1748263059.0,1748263360.0,9.0,0.2337911940920047,93.4640522875817,80.73770491803279,1748263360.0,,False,9.0,659e2_00006,2025-05-26_12-42-40,37.38554811477661,339.1116797924042,22091.0,ML-RefVm-423156,10.0.0.10,339.1116797924042,9.0,20.0,,5.0,0.5,3.0,3.875553004651435e-05,9.0,3.875553004651435e-05,9.0
hymenoptera_classification_transfer_zoom,"train_model_67fd0_00002_2_batch_size=16,dropout=0.2433,hidden_size=64,lr=0.0006,model_type=cnn,num_layers=3,transfer_custom_layers_2025-05-26_13-08-42","/home/azureuser/ray_results/hymenoptera_classification_transfer_zoom/train_model_67fd0_00002_2_batch_size=16,dropout=0.2433,hidden_size=64,lr=0.0006,model_type=cnn,num_layers=3,transfer_custom_layers_2025-05-26_13-08-42",unknown,True,True,2025-05-26 13:08:49.088772,True,16.0,224.0,0.24328094664286723,64.0,224.0,0.000635358334973542,cnn,2.0,3.0,256.0,1.0,,,,,,,,,,,,,,,,,,,,,,,,,,,,,,,,,,,,,20.0,,5.0,0.5,3.0,,,,
hymenoptera_classification_transfer_zoom,"train_model_659e2_00009_9_batch_size=4,dropout=0.3524,hidden_size=32,lr=0.0001,model_type=transfer,num_layers=3,transfer_custom_la_2025-05-26_12-52-05","/home/azureuser/ray_results/hymenoptera_classification_transfer_zoom/train_model_659e2_00009_9_batch_size=4,dropout=0.3524,hidden_size=32,lr=0.0001,model_type=transfer,num_layers=3,transfer_custom_la_2025-05-26_12-52-05",stopped,True,True,2025-05-26 12:52:55.252217,True,4.0,224.0,0.3524495190155525,32.0,224.0,0.00011580918670343502,transfer,2.0,3.0,256.0,1.0,0.5718949674031674,84.31372549019608,59.01639344262295,1748263970.0,,False,1.0,2025-05-26_12-52-50,38.13627648353577,38.13627648353577,24902.0,ML-RefVm-423156,10.0.0.10,"{'model_type': 'transfer', 'hidden_size': 32, 'num_layers': 3, 'dropout': 0.3524495190155525, 'lr': 0.00011580918670343502, 'batch_size': 4, 'num_classes': 2, 'image_size': 224, 'transfer_custom_layers': 1, 'augment': True, 'resize_size': 256, 'crop_size': 224, 'epochs': 20, 'patience': 5, 'scheduler_step': 3, 'scheduler_gamma': 0.5}",38.13627648353577,1.0,1.0,1748263970.0,1748263970.0,1.0,0.5718949674031674,84.31372549019608,59.01639344262295,1748263970.0,,False,1.0,659e2_00009,2025-05-26_12-52-50,38.13627648353577,38.13627648353577,24902.0,ML-RefVm-423156,10.0.0.10,38.13627648353577,1.0,20.0,,5.0,0.5,3.0,0.00011580918670343502,1.0,0.0001158091867034,1.0
hymenoptera_classification_transfer_zoom,"train_model_659e2_00003_3_batch_size=16,dropout=0.2689,hidden_size=16,lr=0.0003,model_type=transfer,num_layers=3,transfer_custom_l_2025-05-26_12-13-01","/home/azureuser/ray_results/hymenoptera_classification_transfer_zoom/train_model_659e2_00003_3_batch_size=16,dropout=0.2689,hidden_size=16,lr=0.0003,model_type=transfer,num_layers=3,transfer_custom_l_2025-05-26_12-13-01",stopped,True,True,2025-05-26 12:13:49.945082,True,16.0,224.0,0.2689333355716716,16.0,224.0,0.0003131729272321023,transfer,2.0,3.0,256.0,1.0,0.2054653473198414,96.07843137254902,90.1639344262295,1748262111.0,,False,14.0,2025-05-26_12-21-51,37.98773384094238,524.0604305267334,20096.0,ML-RefVm-423156,10.0.0.10,"{'model_type': 'transfer', 'hidden_size': 16, 'num_layers': 3, 'dropout': 0.2689333355716716, 'lr': 0.0003131729272321023, 'batch_size': 16, 'num_classes': 2, 'image_size': 224, 'transfer_custom_layers': 1, 'augment': True, 'resize_size': 256, 'crop_size': 224, 'epochs': 20, 'patience': 5, 'scheduler_step': 3, 'scheduler_gamma': 0.5}",524.0604305267334,14.0,14.0,1748261624.0,1748262111.0,14.0,0.2054653473198414,96.07843137254902,90.1639344262295,1748262111.0,,False,14.0,659e2_00003,2025-05-26_12-21-51,37.98773384094238,524.0604305267334,20096.0,ML-RefVm-423156,10.0.0.10,524.0604305267334,14.0,20.0,,5.0,0.5,3.0,1.9573307952006395e-05,14.0,1.9573307952006395e-05,14.0
hymenoptera_classification_transfer_zoom,"train_model_659e2_00002_2_batch_size=16,dropout=0.3572,hidden_size=16,lr=0.0002,model_type=transfer,num_layers=3,transfer_custom_l_2025-05-26_12-06-46","/home/azureuser/ray_results/hymenoptera_classification_transfer_zoom/train_model_659e2_00002_2_batch_size=16,dropout=0.3572,hidden_size=16,lr=0.0002,model_type=transfer,num_layers=3,transfer_custom_l_2025-05-26_12-06-46",stopped,True,True,2025-05-26 12:07:37.562549,True,16.0,224.0,0.35718753536259973,16.0,224.0,0.00016242319302122644,transfer,2.0,3.0,256.0,2.0,0.3756952166557312,95.42483660130719,88.11475409836065,1748261581.0,,False,10.0,2025-05-26_12-13-01,36.58296275138855,368.649539232254,19847.0,ML-RefVm-423156,10.0.0.10,"{'model_type': 'transfer', 'hidden_size': 16, 'num_layers': 3, 'dropout': 0.35718753536259973, 'lr': 0.00016242319302122644, 'batch_size': 16, 'num_classes': 2, 'image_size': 224, 'transfer_custom_layers': 2, 'augment': True, 'resize_size': 256, 'crop_size': 224, 'epochs': 20, 'patience': 5, 'scheduler_step': 3, 'scheduler_gamma': 0.5}",368.649539232254,10.0,10.0,1748261249.0,1748261581.0,10.0,0.3756952166557312,95.4248366013072,88.11475409836065,1748261581.0,,False,10.0,659e2_00002,2025-05-26_12-13-01,36.58296275138855,368.649539232254,19847.0,ML-RefVm-423156,10.0.0.10,368.649539232254,10.0,20.0,,5.0,0.5,3.0,2.0302899127653305e-05,10.0,2.0302899127653305e-05,10.0
hymenoptera_classification_transfer_zoom,"train_model_659e2_00001_1_batch_size=16,dropout=0.3652,hidden_size=32,lr=0.0008,model_type=transfer,num_layers=3,transfer_custom_l_2025-05-26_12-00-23","/home/azureuser/ray_results/hymenoptera_classification_transfer_zoom/train_model_659e2_00001_1_batch_size=16,dropout=0.3652,hidden_size=32,lr=0.0008,model_type=transfer,num_layers=3,transfer_custom_l_2025-05-26_12-00-23",stopped,True,True,2025-05-26 12:01:14.944196,True,16.0,224.0,0.36518299643841223,32.0,224.0,0.0008006259413693167,transfer,2.0,3.0,256.0,2.0,0.20512275733053684,94.77124183006536,90.98360655737704,1748261206.0,,False,10.0,2025-05-26_12-06-46,37.44922685623169,376.7168445587158,19605.0,ML-RefVm-423156,10.0.0.10,"{'model_type': 'transfer', 'hidden_size': 32, 'num_layers': 3, 'dropout': 0.36518299643841223, 'lr': 0.0008006259413693167, 'batch_size': 16, 'num_classes': 2, 'image_size': 224, 'transfer_custom_layers': 2, 'augment': True, 'resize_size': 256, 'crop_size': 224, 'epochs': 20, 'patience': 5, 'scheduler_step': 3, 'scheduler_gamma': 0.5}",376.7168445587158,10.0,10.0,1748260866.0,1748261206.0,10.0,0.2051227573305368,94.77124183006536,90.98360655737704,1748261206.0,,False,10.0,659e2_00001,2025-05-26_12-06-46,37.44922685623169,376.7168445587158,19605.0,ML-RefVm-423156,10.0.0.10,376.7168445587158,10.0,20.0,,5.0,0.5,3.0,0.00010007824267116459,10.0,0.0001000782426711,10.0
hymenoptera_classification_transfer_zoom,"train_model_659e2_00007_7_batch_size=16,dropout=0.2827,hidden_size=32,lr=0.0001,model_type=transfer,num_layers=3,transfer_custom_l_2025-05-26_12-42-40","/home/azureuser/ray_results/hymenoptera_classification_transfer_zoom/train_model_659e2_00007_7_batch_size=16,dropout=0.2827,hidden_size=32,lr=0.0001,model_type=transfer,num_layers=3,transfer_custom_l_2025-05-26_12-42-40",stopped,True,True,2025-05-26 12:43:31.486211,True,16.0,224.0,0.28273417313784105,32.0,224.0,0.0001213296065832707,transfer,2.0,3.0,256.0,2.0,0.44630165696144103,92.15686274509804,83.19672131147541,1748263661.0,,False,8.0,2025-05-26_12-47-41,37.2316038608551,294.8562614917755,22894.0,ML-RefVm-423156,10.0.0.10,"{'model_type': 'transfer', 'hidden_size': 32, 'num_layers': 3, 'dropout': 0.28273417313784105, 'lr': 0.0001213296065832707, 'batch_size': 16, 'num_classes': 2, 'image_size': 224, 'transfer_custom_layers': 2, 'augment': True, 'resize_size': 256, 'crop_size': 224, 'epochs': 20, 'patience': 5, 'scheduler_step': 3, 'scheduler_gamma': 0.5}",294.8562614917755,8.0,8.0,1748263402.0,1748263661.0,8.0,0.446301656961441,92.15686274509804,83.19672131147541,1748263661.0,,False,8.0,659e2_00007,2025-05-26_12-47-41,37.2316038608551,294.8562614917755,22894.0,ML-RefVm-423156,10.0.0.10,294.8562614917755,8.0,20.0,,5.0,0.5,3.0,3.0332401645817676e-05,8.0,3.033240164581768e-05,8.0
hymenoptera_classification_transfer_zoom,"train_model_659e2_00004_4_batch_size=4,dropout=0.4406,hidden_size=32,lr=0.0002,model_type=transfer,num_layers=3,transfer_custom_la_2025-05-26_12-21-51","/home/azureuser/ray_results/hymenoptera_classification_transfer_zoom/train_model_659e2_00004_4_batch_size=4,dropout=0.4406,hidden_size=32,lr=0.0002,model_type=transfer,num_layers=3,transfer_custom_la_2025-05-26_12-21-51",stopped,True,True,2025-05-26 12:22:43.499408,True,4.0,224.0,0.44055293289948627,32.0,224.0,0.00024115058358806061,transfer,2.0,3.0,256.0,1.0,0.22395849208801222,95.42483660130719,82.37704918032787,1748262615.0,,False,13.0,2025-05-26_12-30-15,38.11878991127014,498.0237612724304,20431.0,ML-RefVm-423156,10.0.0.10,"{'model_type': 'transfer', 'hidden_size': 32, 'num_layers': 3, 'dropout': 0.44055293289948627, 'lr': 0.00024115058358806061, 'batch_size': 4, 'num_classes': 2, 'image_size': 224, 'transfer_custom_layers': 1, 'augment': True, 'resize_size': 256, 'crop_size': 224, 'epochs': 20, 'patience': 5, 'scheduler_step': 3, 'scheduler_gamma': 0.5}",498.0237612724304,13.0,13.0,1748262155.0,1748262615.0,13.0,0.2239584920880122,95.4248366013072,82.37704918032787,1748262615.0,,False,13.0,659e2_00004,2025-05-26_12-30-15,38.11878991127014,498.0237612724304,20431.0,ML-RefVm-423156,10.0.0.10,498.0237612724304,13.0,20.0,,5.0,0.5,3.0,1.5071911474253788e-05,13.0,1.5071911474253788e-05,13.0
hymenoptera_classification_transfer_zoom,"train_model_659e2_00008_8_batch_size=4,dropout=0.4527,hidden_size=32,lr=0.0009,model_type=transfer,num_layers=3,transfer_custom_la_2025-05-26_12-47-41","/home/azureuser/ray_results/hymenoptera_classification_transfer_zoom/train_model_659e2_00008_8_batch_size=4,dropout=0.4527,hidden_size=32,lr=0.0009,model_type=transfer,num_layers=3,transfer_custom_la_2025-05-26_12-47-41",stopped,True,True,2025-05-26 12:48:33.641068,True,4.0,224.0,0.4527144732753765,32.0,224.0,0.0008563028929549159,transfer,2.0,3.0,256.0,2.0,0.20262175898712415,92.81045751633987,81.55737704918033,1748263925.0,,False,7.0,2025-05-26_12-52-05,36.56440186500549,258.78124499320984,23330.0,ML-RefVm-423156,10.0.0.10,"{'model_type': 'transfer', 'hidden_size': 32, 'num_layers': 3, 'dropout': 0.4527144732753765, 'lr': 0.0008563028929549159, 'batch_size': 4, 'num_classes': 2, 'image_size': 224, 'transfer_custom_layers': 2, 'augment': True, 'resize_size': 256, 'crop_size': 224, 'epochs': 20, 'patience': 5, 'scheduler_step': 3, 'scheduler_gamma': 0.5}",258.78124499320984,7.0,7.0,1748263703.0,1748263925.0,7.0,0.2026217589871241,92.81045751633988,81.55737704918033,1748263925.0,,False,7.0,659e2_00008,2025-05-26_12-52-05,36.56440186500549,258.78124499320984,23330.0,ML-RefVm-423156,10.0.0.10,258.78124499320984,7.0,20.0,,5.0,0.5,3.0,0.00021407572323872898,7.0,0.0002140757232387,7.0
hymenoptera_classification_transfer_zoom,"train_model_67fd0_00000_0_batch_size=4,dropout=0.4170,hidden_size=16,lr=0.0001,model_type=cnn,num_layers=4,transfer_custom_layers=_2025-05-26_12-53-22","/home/azureuser/ray_results/hymenoptera_classification_transfer_zoom/train_model_67fd0_00000_0_batch_size=4,dropout=0.4170,hidden_size=16,lr=0.0001,model_type=cnn,num_layers=4,transfer_custom_layers=_2025-05-26_12-53-22",stopped,True,True,2025-05-26 12:53:53.156048,True,4.0,224.0,0.41701888056066316,16.0,224.0,0.00013925248900780788,cnn,2.0,4.0,256.0,2.0,0.6499937115571438,58.8235294117647,66.80327868852459,1748264215.0,,False,12.0,2025-05-26_12-56-55,18.57086968421936,205.6592972278595,26077.0,ML-RefVm-423156,10.0.0.10,"{'model_type': 'cnn', 'hidden_size': 16, 'num_layers': 4, 'dropout': 0.41701888056066316, 'lr': 0.00013925248900780788, 'batch_size': 4, 'num_classes': 2, 'image_size': 224, 'transfer_custom_layers': 2, 'augment': True, 'resize_size': 256, 'crop_size': 224, 'epochs': 20, 'patience': 5, 'scheduler_step': 3, 'scheduler_gamma': 0.5}",205.6592972278595,12.0,12.0,1748264027.0,1748264215.0,12.0,0.6499937115571438,58.8235294117647,66.80327868852459,1748264215.0,,False,12.0,67fd0_00000,2025-05-26_12-56-55,18.57086968421936,205.6592972278595,26077.0,ML-RefVm-423156,10.0.0.10,205.6592972278595,12.0,20.0,,5.0,0.5,3.0,8.703280562987993e-06,12.0,8.703280562987993e-06,12.0
hymenoptera_classification_transfer_zoom,"train_model_659e2_00000_0_batch_size=4,dropout=0.3597,hidden_size=32,lr=0.0004,model_type=transfer,num_layers=3,transfer_custom_la_2025-05-26_11-56-02","/home/azureuser/ray_results/hymenoptera_classification_transfer_zoom/train_model_659e2_00000_0_batch_size=4,dropout=0.3597,hidden_size=32,lr=0.0004,model_type=transfer,num_layers=3,transfer_custom_la_2025-05-26_11-56-02",stopped,True,True,2025-05-26 11:56:53.177064,True,4.0,224.0,0.35969128592688737,32.0,224.0,0.00035781993757679544,transfer,2.0,3.0,256.0,1.0,0.19353445194279537,96.07843137254902,79.91803278688525,1748260823.0,,False,7.0,2025-05-26_12-00-23,36.19415879249573,254.58268976211548,18712.0,ML-RefVm-423156,10.0.0.10,"{'model_type': 'transfer', 'hidden_size': 32, 'num_layers': 3, 'dropout': 0.35969128592688737, 'lr': 0.00035781993757679544, 'batch_size': 4, 'num_classes': 2, 'image_size': 224, 'transfer_custom_layers': 1, 'augment': True, 'resize_size': 256, 'crop_size': 224, 'epochs': 20, 'patience': 5, 'scheduler_step': 3, 'scheduler_gamma': 0.5}",254.58268976211548,7.0,7.0,1748260606.0,1748260823.0,7.0,0.1935344519427953,96.07843137254902,79.91803278688525,1748260823.0,,False,7.0,659e2_00000,2025-05-26_12-00-23,36.19415879249573,254.58268976211548,18712.0,ML-RefVm-423156,10.0.0.10,254.58268976211548,7.0,20.0,,5.0,0.5,3.0,8.945498439419886e-05,7.0,8.945498439419886e-05,7.0
hymenoptera_classification_transfer_zoom,"train_model_67fd0_00001_1_batch_size=8,dropout=0.3043,hidden_size=32,lr=0.0004,model_type=cnn,num_layers=3,transfer_custom_layers=_2025-05-26_12-56-55","/home/azureuser/ray_results/hymenoptera_classification_transfer_zoom/train_model_67fd0_00001_1_batch_size=8,dropout=0.3043,hidden_size=32,lr=0.0004,model_type=cnn,num_layers=3,transfer_custom_layers=_2025-05-26_12-56-55",stopped,True,True,2025-05-26 12:57:44.771201,True,8.0,224.0,0.3043207819703686,32.0,224.0,0.000357617707507718,cnn,2.0,3.0,256.0,2.0,0.5197449991304893,71.89542483660131,76.63934426229508,1748264922.0,,False,19.0,2025-05-26_13-08-42,36.681682109832764,700.1143078804016,26571.0,ML-RefVm-423156,10.0.0.10,"{'model_type': 'cnn', 'hidden_size': 32, 'num_layers': 3, 'dropout': 0.3043207819703686, 'lr': 0.000357617707507718, 'batch_size': 8, 'num_classes': 2, 'image_size': 224, 'transfer_custom_layers': 2, 'augment': True, 'resize_size': 256, 'crop_size': 224, 'epochs': 20, 'patience': 5, 'scheduler_step': 3, 'scheduler_gamma': 0.5}",700.1143078804016,19.0,19.0,1748264261.0,1748264922.0,19.0,0.5197449991304893,71.89542483660131,76.63934426229508,1748264922.0,,False,19.0,67fd0_00001,2025-05-26_13-08-42,36.68168210983277,700.1143078804016,26571.0,ML-RefVm-423156,10.0.0.10,700.1143078804016,19.0,20.0,,5.0,0.5,3.0,5.587776679808094e-06,19.0,5.587776679808094e-06,19.0
hymenoptera_classification_transfer_zoom,"train_model_659e2_00005_5_batch_size=8,dropout=0.3348,hidden_size=16,lr=0.0006,model_type=transfer,num_layers=3,transfer_custom_la_2025-05-26_12-30-15","/home/azureuser/ray_results/hymenoptera_classification_transfer_zoom/train_model_659e2_00005_5_batch_size=8,dropout=0.3348,hidden_size=16,lr=0.0006,model_type=transfer,num_layers=3,transfer_custom_la_2025-05-26_12-30-15",stopped,True,True,2025-05-26 12:31:06.717078,True,8.0,224.0,0.3347775563540487,16.0,224.0,0.0006212052498672535,transfer,2.0,3.0,256.0,2.0,0.1621340702287853,94.77124183006536,84.42622950819673,1748263015.0,,False,11.0,2025-05-26_12-36-55,35.63654661178589,393.97847533226013,21094.0,ML-RefVm-423156,10.0.0.10,"{'model_type': 'transfer', 'hidden_size': 16, 'num_layers': 3, 'dropout': 0.3347775563540487, 'lr': 0.0006212052498672535, 'batch_size': 8, 'num_classes': 2, 'image_size': 224, 'transfer_custom_layers': 2, 'augment': True, 'resize_size': 256, 'crop_size': 224, 'epochs': 20, 'patience': 5, 'scheduler_step': 3, 'scheduler_gamma': 0.5}",393.97847533226013,11.0,11.0,1748262656.0,1748263015.0,11.0,0.1621340702287853,94.77124183006536,84.42622950819673,1748263015.0,,False,11.0,659e2_00005,2025-05-26_12-36-55,35.63654661178589,393.9784753322601,21094.0,ML-RefVm-423156,10.0.0.10,393.9784753322601,11.0,20.0,,5.0,0.5,3.0,7.765065623340669e-05,11.0,7.765065623340669e-05,11.0
